INSERT INTO ABT_AMAZONBOOKS (ISBN, BOOKTITLE, BOOKAUTHOR, YEAROFPUBLICATION, PUBLISHER, IMAGEURLS, IMAGEURLM, IMAGEURLL) 
VALUES ('0140292918','Of Mice and Men (Steinbeck Essentials)','John Steinbeck','2001','Penguin Books Ltd','http://images.amazon.com/images/P/0140292918.01.THUMBZZZ.jpg','http://images.amazon.com/images/P/0140292918.01.MZZZZZZZ.jpg','http://images.amazon.com/images/P/0140292918.01.LZZZZZZZ.jpg');

INSERT INTO ABT_AMAZONBOOKS (ISBN, BOOKTITLE, BOOKAUTHOR, YEAROFPUBLICATION, PUBLISHER, IMAGEURLS, IMAGEURLM, IMAGEURLL) 
VALUES ('0805051732','The Word Desire','Rikki Ducornet','1997','Henry Holt and Company','http://images.amazon.com/images/P/0805051732.01.THUMBZZZ.jpg','http://images.amazon.com/images/P/0805051732.01.MZZZZZZZ.jpg','http://images.amazon.com/images/P/0805051732.01.LZZZZZZZ.jpg');

INSERT INTO ABT_AMAZONBOOKS (ISBN, BOOKTITLE, BOOKAUTHOR, YEAROFPUBLICATION, PUBLISHER, IMAGEURLS, IMAGEURLM, IMAGEURLL) 
VALUES ('0449003787','O Is for Outlaw','SUE GRAFTON','2001','Ballantine Books','http://images.amazon.com/images/P/0449003787.01.THUMBZZZ.jpg','http://images.amazon.com/images/P/0449003787.01.MZZZZZZZ.jpg','http://images.amazon.com/images/P/0449003787.01.LZZZZZZZ.jpg');

INSERT INTO ABT_AMAZONBOOKS (ISBN, BOOKTITLE, BOOKAUTHOR, YEAROFPUBLICATION, PUBLISHER, IMAGEURLS, IMAGEURLM, IMAGEURLL) 
VALUES ('0671010115','GONE FISHIN : Featuring an Original Easy Rawlins Short Story Smoke (Easy Rawlins Mysteries (Paperback))','Walter Mosley','1998','Pocket','http://images.amazon.com/images/P/0671010115.01.THUMBZZZ.jpg','http://images.amazon.com/images/P/0671010115.01.MZZZZZZZ.jpg','http://images.amazon.com/images/P/0671010115.01.LZZZZZZZ.jpg');

INSERT INTO ABT_AMAZONBOOKS (ISBN, BOOKTITLE, BOOKAUTHOR, YEAROFPUBLICATION, PUBLISHER, IMAGEURLS, IMAGEURLM, IMAGEURLL) 
VALUES ('1558743669','A Child Called It: One Child''s Courage to Survive','Dave Pelzer','1995','Health Communications','http://images.amazon.com/images/P/1558743669.01.THUMBZZZ.jpg','http://images.amazon.com/images/P/1558743669.01.MZZZZZZZ.jpg','http://images.amazon.com/images/P/1558743669.01.LZZZZZZZ.jpg');

INSERT INTO ABT_AMAZONBOOKS (ISBN, BOOKTITLE, BOOKAUTHOR, YEAROFPUBLICATION, PUBLISHER, IMAGEURLS, IMAGEURLM, IMAGEURLL) 
VALUES ('0684832380','MY GAL SUNDAY LARGE PRINT : Henry and Sunday Stories','Mary Higgins Clark','1996','Simon and Schuster','http://images.amazon.com/images/P/0684832380.01.THUMBZZZ.jpg','http://images.amazon.com/images/P/0684832380.01.MZZZZZZZ.jpg','http://images.amazon.com/images/P/0684832380.01.LZZZZZZZ.jpg');

INSERT INTO ABT_AMAZONBOOKS (ISBN, BOOKTITLE, BOOKAUTHOR, YEAROFPUBLICATION, PUBLISHER, IMAGEURLS, IMAGEURLM, IMAGEURLL) 
VALUES ('0140442073','The Twilight of the Idols (Classics S.)','Friedrich Nietzsche','1969','Penguin Books Ltd','http://images.amazon.com/images/P/0140442073.01.THUMBZZZ.jpg','http://images.amazon.com/images/P/0140442073.01.MZZZZZZZ.jpg','http://images.amazon.com/images/P/0140442073.01.LZZZZZZZ.jpg');

INSERT INTO ABT_AMAZONBOOKS (ISBN, BOOKTITLE, BOOKAUTHOR, YEAROFPUBLICATION, PUBLISHER, IMAGEURLS, IMAGEURLM, IMAGEURLL) 
VALUES ('0735201994','Peterman Rides Again: Adventures Continue with the Real J. Peterman Through Life and the Catalog Business','John Peterman','2000','Prentice Hall Art','http://images.amazon.com/images/P/0735201994.01.THUMBZZZ.jpg','http://images.amazon.com/images/P/0735201994.01.MZZZZZZZ.jpg','http://images.amazon.com/images/P/0735201994.01.LZZZZZZZ.jpg');

INSERT INTO ABT_AMAZONBOOKS (ISBN, BOOKTITLE, BOOKAUTHOR, YEAROFPUBLICATION, PUBLISHER, IMAGEURLS, IMAGEURLM, IMAGEURLL) 
VALUES ('9531530319','Gdje pijevac ne pjeva (Biblioteka Zlatni paun)','Ivan Aralica','1996','Otokar Kersovani','http://images.amazon.com/images/P/9531530319.01.THUMBZZZ.jpg','http://images.amazon.com/images/P/9531530319.01.MZZZZZZZ.jpg','http://images.amazon.com/images/P/9531530319.01.LZZZZZZZ.jpg');

INSERT INTO ABT_AMAZONBOOKS (ISBN, BOOKTITLE, BOOKAUTHOR, YEAROFPUBLICATION, PUBLISHER, IMAGEURLS, IMAGEURLM, IMAGEURLL) 
VALUES ('0854963782','The Silence of the Sea/Le Silence De LA Mer: A Novel of French Resistance During the Second World War by Vecors','Lawrence Stokes','1992','Berg Publishers','http://images.amazon.com/images/P/0854963782.01.THUMBZZZ.jpg','http://images.amazon.com/images/P/0854963782.01.MZZZZZZZ.jpg','http://images.amazon.com/images/P/0854963782.01.LZZZZZZZ.jpg');
-- Users

Insert into ABT_USERS (USERID,LOCATION,AGE) values (1,'nyc, new york, usa', null);
Insert into ABT_USERS (USERID,LOCATION,AGE) values (2,'stockton, california, usa',18);
Insert into ABT_USERS (USERID,LOCATION,AGE) values (3,'moscow, yukon territory, russia', null);
Insert into ABT_USERS (USERID,LOCATION,AGE) values (4,'porto, v.n.gaia, portugal',17);
Insert into ABT_USERS (USERID,LOCATION,AGE) values (5,'farnborough, hants, united kingdom', null);
Insert into ABT_USERS (USERID,LOCATION,AGE) values (6,'santa monica, california, usa',61);
Insert into ABT_USERS (USERID,LOCATION,AGE) values (7,'washington, dc, usa', null);
Insert into ABT_USERS (USERID,LOCATION,AGE) values (8,'timmins, ontario, canada', null);
Insert into ABT_USERS (USERID,LOCATION,AGE) values (9,'germantown, tennessee, usa', null);
Insert into ABT_USERS (USERID,LOCATION,AGE) values (10,'albacete, wisconsin, spain',26);

-- Ratings
Insert into ABT_RATINGS (USERID,ISBN,BOOKRATING) values (1,'0854963782',9);
Insert into ABT_RATINGS (USERID,ISBN,BOOKRATING) values (1,'9531530319',7);
Insert into ABT_RATINGS (USERID,ISBN,BOOKRATING) values (1,'0735201994',6);
Insert into ABT_RATINGS (USERID,ISBN,BOOKRATING) values (2,'9531530319',4);
Insert into ABT_RATINGS (USERID,ISBN,BOOKRATING) values (2,'0854963782',5);
Insert into ABT_RATINGS (USERID,ISBN,BOOKRATING) values (3,'9531530319',3);
Insert into ABT_RATINGS (USERID,ISBN,BOOKRATING) values (4,'0140442073',8);
Insert into ABT_RATINGS (USERID,ISBN,BOOKRATING) values (4,'0684832380',7);
Insert into ABT_RATINGS (USERID,ISBN,BOOKRATING) values (4,'1558743669',9);
Insert into ABT_RATINGS (USERID,ISBN,BOOKRATING) values (5,'1558743669',8);
Insert into ABT_RATINGS (USERID,ISBN,BOOKRATING) values (5,'0684832380',7);
Insert into ABT_RATINGS (USERID,ISBN,BOOKRATING) values (5,'0671010115',9);
Insert into ABT_RATINGS (USERID,ISBN,BOOKRATING) values (6,'1558743669',8);
Insert into ABT_RATINGS (USERID,ISBN,BOOKRATING) values (6,'0449003787',7);
Insert into ABT_RATINGS (USERID,ISBN,BOOKRATING) values (6,'0671010115',9);
Insert into ABT_RATINGS (USERID,ISBN,BOOKRATING) values (7,'0805051732',6);
Insert into ABT_RATINGS (USERID,ISBN,BOOKRATING) values (7,'0140292918',8);
Insert into ABT_RATINGS (USERID,ISBN,BOOKRATING) values (7,'0671010115',4);
Insert into ABT_RATINGS (USERID,ISBN,BOOKRATING) values (8,'0735201994',5);
Insert into ABT_RATINGS (USERID,ISBN,BOOKRATING) values (9,'0671010115',9);
Insert into ABT_RATINGS (USERID,ISBN,BOOKRATING) values (10,'0854963782',7);
Insert into ABT_RATINGS (USERID,ISBN,BOOKRATING) values (10,'0140442073',5);
